,id,raf,beta
1,rs8077028,0.751,0.09
2,rs2244526,0.824,0.09
3,rs17022021,0.843,0.09
4,rs1034435,0.659,0.07
5,rs4760243,0.566,0.07
6,rs7260181,0.57,0.07
7,rs12716755,0.608,0.07
8,rs3820443,0.611,0.07
9,rs846858,0.272,0.08
10,rs5771225,0.217,0.09
11,rs7313581,0.218,0.09
12,rs2699450,0.211,0.09
13,rs6945197,0.16,0.09
14,rs184992198,0.816,0.11
15,rs115972394,0.147,0.11
16,rs73215707,0.908,0.12
17,rs79926713,0.082,0.13
18,rs73732514,0.929,0.14
19,rs62177277,0.056,0.16
20,rs73681522,0.051,0.16
21,rs2234017,0.056,0.17
22,rs147597631,0.061,0.18
23,rs145848414,0.04,0.21
24,rs147985478,0.977,0.25
25,rs116050881,0.026,0.25
26,rs116530595,0.018,0.26
27,rs147582129,0.016,0.28
28,rs72998574,0.022,0.28
29,rs144471255,0.018,0.31
30,rs144216026,0.017,0.31
31,rs137869973,0.025,0.31
32,rs72840936,0.018,0.32
33,rs148587130,0.013,0.36
34,rs185126971,0.011,0.37
35,rs73239797,0.013,0.39
36,rs113884973,0.008,0.43
37,rs182972826,0.007,0.44
38,rs112920270,0.008,0.45
39,rs141104697,0.007,0.46
40,rs144464515,0.01,0.46
41,rs191707442,0.008,0.47
42,rs150269952,0.009,0.48
43,rs144998240,0.006,0.5
44,rs138543081,0.009,0.5
45,rs192013290,0.006,0.51
46,rs144077517,0.005,0.54
47,rs142835438,0.007,0.54
48,rs184695264,0.005,0.58
49,rs921390,0.005,0.58
50,rs150291119,0.005,0.6
172,rs11023139,0.05,0.31
173,rs326946,0.17,0.16
174,rs147845115,0.03,0.29
175,rs61144803,0.04,0.16
176,rs1399439,0.04,0.2
177,rs143258881,0.03,0.29
178,rs17393344,0.06,0.26
179,rs115102486,0.03,0.31
180,rs74006954,0.03,0.28
181,rs17301739,0.07,0.28
182,rs8045064,0.05,0.21
183,rs9934540,0.03,0.25
184,rs4794202,0.08,0.19
185,rs117964204,0.04,0.28
186,rs72832584,0.05,0.3
187,rs7245858,0.04,0.28
188,rs34972666,0.11,0.23
189,rs75617873,0.03,0.17
190,rs17172199,0.08,0.28
191,rs2421847,0.04,0.26
192,rs12091371,0.07,0.17
193,rs6738962,0.04,0.18
194,rs78022502,0.06,0.23
195,rs538867,0.03,0.26
196,rs78647349,0.04,0.3
197,rs340635,0.03,0.23
198,rs4700060,0.1,0.21
199,rs112724034,0.03,0.31
200,rs77636885,0.03,0.3
201,rs116348108,0.04,0.28
202,rs143954261,0.04,0.29
203,rs146579248,0.04,0.21
204,rs148763909,0.03,0.15
205,rs117780815,0.03,0.31
206,rs11154851,0.04,0.25
207,rs75253868,0.03,0.26
208,rs58370486,0.03,0.36
209,rs1861525,0.03,0.25
210,rs2392492,0.04,0.32
211,rs11770757,0.04,0.16
212,rs73660619,0.06,0.26
213,rs7009219,0.06,0.16
214,rs4836694,0.11,0.21
215,rs118048115,0.04,0.34
523,rs11967676,0.08,1.07
524,rs4955783,0.49,0.61
525,rs181850653,0.03,1.59
526,rs80011616,0.14,0.92
527,rs114090132,0.02,2.46
528,rs117556552,0.05,2.21
529,rs117908734,0.02,3.03
530,rs8039237,0.03,0.79
531,rs186911969,0.02,3.65
532,rs137929838,0.03,1.59
533,rs7576531,0.04,1.64
534,rs140442947,0.01,2.83
535,rs116105213,0.02,2.73
536,rs17488073,0.16,0.83
537,rs182645021,0.01,2.69
538,rs10455152,0.23,0.69
539,rs79846291,0.02,1.85
540,rs149454736,0.03,1.72
541,rs139934868,0.06,1.53
542,rs78927322,0.01,2.85
543,rs146446983,0.02,2.59
544,rs62125664,0.02,2.23
545,rs75627662,0.27,0.51
546,rs147906088,0.02,1.76
547,rs56214552,0.26,0.44
548,rs6479525,0.34,0.39
549,rs62187521,0.03,1.33
550,rs72639058,0.17,0.47
551,rs117905930,0.02,1.59
559,rs186542490,0.006,0.6
560,rs186076999,0.006,0.62
561,rs141521929,0.005,0.62
562,rs73865608,0.004,0.63
563,rs184614511,0.005,0.64
564,rs193129245,0.005,0.67
565,rs150061627,0.004,0.68
566,rs190457471,0.004,0.68
567,rs141387448,0.005,0.68
568,rs117760708,0.004,0.73
569,rs187423924,0.004,0.74
570,rs181634374,0.003,0.77
571,rs145228677,0.004,0.79
572,rs188699384,0.003,0.79
573,rs148003968,0.003,0.81
574,rs185867524,0.004,0.86
575,rs117756856,0.003,0.89
576,rs184457411,0.003,0.92
577,rs180751169,0.002,0.94
578,rs188392327,0.002,0.99
579,rs192232892,0.002,0.99
580,rs149839710,0.002,1.0
581,rs150631144,0.002,1.13
582,rs144573434,0.997,1.14
583,rs181228315,0.986,0.35
584,rs147285445,0.998,1.03
585,rs187295598,0.988,0.34
586,rs141976661,0.997,0.88
587,rs77544685,0.013,0.33
588,rs185170954,0.997,0.82
589,rs75635567,0.985,0.3
590,rs181696879,0.994,0.67
591,rs146322114,0.029,0.25
592,rs12661302,0.977,0.25
593,rs186588455,0.964,0.22
594,rs115443594,0.966,0.22
595,rs183291664,0.996,0.58
596,rs145840463,0.036,0.21
597,rs181299481,0.994,0.58
598,rs10060040,0.053,0.17
599,rs62179067,0.941,0.16
600,rs56249755,0.939,0.16
601,rs115317194,0.067,0.15
602,rs75770912,0.074,0.14
603,rs7698880,0.124,0.14
604,rs76816469,0.101,0.12
605,rs61233297,0.094,0.11
606,rs853656,0.167,0.09
607,rs181990369,0.988,0.37
608,rs145282773,0.997,1.04
609,rs147150305,0.984,0.35
610,rs186891871,0.998,0.98
611,rs142660142,0.986,0.34
612,rs139638356,0.996,0.83
613,rs144167489,0.017,0.32
614,rs115798104,0.997,0.8
615,rs146997164,0.97,0.26
616,rs138449900,0.996,0.66
617,rs141846544,0.996,0.65
618,rs117022236,0.995,0.63
619,rs140587050,0.995,0.63
620,rs114179644,0.969,0.21
621,rs142076474,0.994,0.58
622,rs10075047,0.032,0.21
623,rs191404864,0.006,0.53
624,rs112404845,0.991,0.47
625,rs183256737,0.993,0.46
626,rs79930850,0.99,0.45
627,rs143261188,0.992,0.44
628,rs115078773,0.992,0.44
629,rs139195876,0.99,0.43
630,rs16961023,0.985,0.41
631,rs72842919,0.985,0.38
648,rs9832461,0.24,3785.6
649,rs1448284,0.03,9939.9
650,rs11055612,0.5,3371.6
651,rs7155434,0.27,3643.0
652,rs2456930,0.38,3843.9
653,rs17636071,0.09,4.74
654,rs2270875,0.16,2.84
885,rs10078434,0.09,1.1
886,rs283812,0.29,0.55
1168,rs62256378,0.061,0.71
1169,rs429358,0.442,0.4
1239,rs28399637,0.3156,25.508192
1240,rs11218343,0.03743,6.79
1241,rs11771145,0.3085,4.88
1242,rs1476679,0.3085,7.51
1243,rs28834970,0.3644,6.8
1244,rs35349669,0.4983,5.85
1246,rs6656401,0.1782,8.67
1247,rs6733839,0.3797,11.3
1248,rs7274581,0.084,5.53
1249,rs9331896,0.4107,8.35
1250,rs983392,0.4083,6.71
1251,rs114360492,0.000259,5.99
1252,rs184384746,0.002,5.69
1253,rs187370608,0.002,8.26
1254,rs76726049,0.014,5.52
1255,rs41289512,0.039,35.5
1256,rs76320948,0.046,5.46
1257,rs6014724,0.089,6.18
1258,rs113260531,0.12,6.12
1259,rs117618017,0.132,5.52
1260,rs111278892,0.161,6.5
1261,rs2093760,0.205,8.82
1262,rs10933431,0.235,6.13
1263,rs4575098,0.24,6.36
1264,rs6448453,0.252,6.0
1265,rs59735493,0.3,5.49
1266,rs1859788,0.31,7.93
1267,rs867611,0.314,8.75
1268,rs3865444,0.32,5.81
1269,rs442495,0.32,6.07
1270,rs12590654,0.344,6.39
1271,rs9381563,0.355,6.33
1272,rs11257238,0.375,5.69
1273,rs2081545,0.381,7.97
1274,rs4236673,0.391,8.98
1275,rs4663105,0.415,13.94
1276,rs2632516,0.455,4.9
1277,rs28394864,0.473,5.62
1278,rs7810606,0.5,6.62
1279,rs7412,0.07994,21.199877
1280,rs138607350,0.00629,17.060017
1281,rs79701229,0.01276,16.990263
1282,rs10407439,0.296,16.138115
1283,rs2965169,0.3883,15.944032
1284,rs116949436,0.01073,14.848961
1285,rs55923289,0.13,13.958599
1286,rs28469095,0.09149,12.963469
1287,rs111371860,0.06009,12.327317
1288,rs2967668,0.1098,10.3022
1289,rs76692773,0.07319,10.04716
1290,rs11672748,0.3171,10.028075
1291,rs595290,0.1582,9.847612
1292,rs346757,0.08386,9.756002
1293,rs34874378,0.04366,9.593067
1294,rs183427010,0.004629,9.459884
1295,rs111740474,0.01165,9.402366
1296,rs1160984,0.05762,9.292308
1297,rs11665676,0.05183,9.089448
1298,rs561654715,0.002832,8.842536
1299,rs55840414,0.1183,8.655959
1300,rs112481437,0.02337,8.578216
1301,rs203709,0.2645,8.408471
1302,rs11881756,0.1138,8.381871
1303,rs76856627,0.0329,8.306043
1304,rs60239918,0.03999,7.945099
1305,rs41290100,0.02432,7.9216814
1306,rs846876,0.3755,7.715924
1307,rs147188206,0.008636,7.5976734
1308,rs2965164,0.3456,7.438834
1309,rs41290108,0.03803,7.317556
1310,rs547509922,0.003614,7.314314
1311,rs62118504,0.3957,7.2163415
1312,rs35194383,0.4234,7.1647267
1313,rs80257887,0.03562,7.089606
1314,rs75161053,0.04757,7.0672655
1315,rs142412517,0.001157,7.033927
1316,rs12461144,0.1266,6.9530225
1317,rs142092405,0.00433,6.8754373
1318,rs150820726,0.008836,6.80423
1319,rs183321458,0.003582,6.7473207
1320,rs539159088,0.01086,6.705168
1321,rs576651896,0.004649,6.6975107
1322,rs186110295,0.01273,6.5884266
1323,rs78986976,0.05489,6.508301
1324,rs204907,0.049,6.482148
1325,rs141864196,0.02628,6.313068
1326,rs114036675,0.002756,6.2855
1327,rs3752241,0.1656,6.273173
1328,rs11083743,0.2682,6.0971603
1329,rs34181358,0.1063,5.9258137
1330,rs204480,0.2501,5.81275
1331,rs10421247,0.4994,5.801472
1332,rs419010,0.4477,5.773656
1333,rs9653111,0.1298,5.6693845
1334,rs769452,0.001629,5.5855217
1335,rs143332484,0.009954,5.5406914
1336,rs4727449,0.1607,5.5144157
1337,rs123187,0.3694,5.504638
1339,rs10792832,0.3702,8.61
1340,rs10948363,0.2754,5.72
1341,rs1081105,0.02756,32.50298
1342,rs157580,0.3949,31.6502
1343,rs6859,0.4218,26.320562
1407,rs9271192,0.2751,5.49
1408,rs6931277,0.153,6.49
1409,rs9469112,0.1734,6.4424515
